category,total_spend,total_cashback,interchange_rev,txn_count,avg_txn_amount,customers,cashback_pct_of_spend,net_revenue
Dining,59140010.19,799167.46,916886.27,73629,803.22,18120,1.35,117718.8
Education,58734329.83,381731.12,909016.24,14776,3974.98,9749,0.65,527285.12
Entertainment,17178943.49,171960.99,266400.03,34298,500.87,14766,1.0,94439.04
Fuel,73856247.3,738549.39,1144593.11,49285,1498.55,16702,1.0,406043.72
Groceries,268740085.23,2691173.24,4167244.91,107582,2498.0,19020,1.0,1476071.66
Healthcare,43599402.59,435347.48,675166.45,29135,1496.46,13883,1.0,239818.97
Others,14722981.52,102485.24,227740.65,24506,600.79,12807,0.7,125255.4
Shopping,234379901.34,2350379.35,3636338.64,78202,2997.11,18316,1.0,1285959.29
Travel,301023702.29,4198076.0,4661007.01,39203,7678.59,15514,1.39,462931.01
Utilities,47385748.51,307939.99,734484.8,39146,1210.49,15484,0.65,426544.8
