year_month,total_spend,total_cashback,interchange_rev,txn_count,active_customers,avg_txn_amount,net_revenue
2023-01,46177494.92,503891.59,716977.0,20733,11696,2227.25,213085.41
2023-02,43361371.58,472624.63,672864.21,18800,11220,2306.46,200239.58
2023-03,47099703.86,510352.38,730316.12,20854,11820,2258.55,219963.74
2023-04,46667672.85,504990.88,721883.98,20210,11620,2309.14,216893.1
2023-05,47622031.84,516072.48,737970.19,20688,11677,2301.92,221897.71
2023-06,46639470.93,505264.17,722106.87,20254,11613,2302.73,216842.7
2023-07,47470302.4,514393.17,735179.03,20790,11706,2283.32,220785.85
2023-08,47140681.95,514663.12,730192.62,20674,11689,2280.19,215529.5
2023-09,45626116.87,493392.55,706611.98,20029,11525,2278.0,213219.43
2023-10,47895199.68,525614.14,743221.79,20992,11848,2281.59,217607.64
2023-11,45635735.35,500471.43,707657.29,19901,11506,2293.14,207185.86
2023-12,47437823.64,522092.53,736687.39,20827,11795,2277.71,214594.86
2024-01,46801113.31,503857.15,724366.48,20659,11726,2265.41,220509.33
2024-02,44837749.19,487762.91,694470.08,19545,11358,2294.08,206707.18
2024-03,47681256.31,519467.65,738770.03,20907,11791,2280.64,219302.38
2024-04,45646206.74,506594.05,710201.66,19997,11484,2282.65,203607.61
2024-05,47868588.65,519044.53,740749.96,20996,11837,2279.89,221705.43
2024-06,45601562.88,494088.13,706739.37,20144,11467,2263.78,212651.23
2024-07,47998837.0,524045.62,744604.49,20816,11690,2305.86,220558.87
2024-08,47754765.72,523538.05,740995.94,20833,11776,2292.27,217457.9
2024-09,46473712.02,508872.32,721697.09,20270,11582,2292.73,212824.77
2024-10,46943808.23,508722.74,727214.46,20629,11735,2275.62,218491.72
2024-11,46290507.32,497803.58,715152.68,20233,11565,2287.87,217349.1
2024-12,46089639.03,499190.46,712247.39,19981,11487,2306.67,213056.93
